{
    "faces":[43,0,1,2,3,0,0,1,2,3,0,0,0,0,43,4,7,6,5,0,4,5,6,7,1,1,1,1,43,0,4,5,1,0,8,9,10,11,2,2,2,2,43,2,6,7,3,1,12,13,14,15,3,3,3,3,43,4,0,3,7,2,16,17,18,19,4,4,4,4],
    "uvs":[[0.227707,0.426454,0.492636,0.99993,0.0190201,0.745596,0.226271,0.44524,0.224161,0.410984,0.210407,0.42542,7.01781e-05,0.0256626,0.492635,7.01781e-05,0.592843,7.69854e-05,0.592843,0.999923,7.69854e-05,0.999923,7.71979e-05,7.70627e-05,7.69854e-05,0.999923,7.71013e-05,7.69854e-05,0.592843,7.714e-05,0.592843,0.999923,0.592843,7.69854e-05,0.592843,0.999923,7.71593e-05,0.999923,7.69854e-05,7.72559e-05]],
    "vertices":[-2.90054,-1.1063,-1,-2.90054,-1.1063,1,-4.21453,-1.1063,1,-4.21453,-1.1063,-1,-2.90054,0.893698,-1,-2.90054,0.893698,1,-4.21453,0.893698,1,-4.21453,0.893698,-1],
    "metadata":{
        "vertices":8,
        "generator":"io_three",
        "uvs":1,
        "version":3,
        "normals":5,
        "materials":3,
        "colors":0,
        "type":"Geometry",
        "faces":5
    },
    "materials":[{
        "colorDiffuse":[0.64,0.64,0.64],
        "mapDiffuseRepeat":[1,1],
        "opacity":1,
        "shading":"phong",
        "depthTest":true,
        "colorEmissive":[0,0,0],
        "mapDiffuse":"textura_madeira.jpg",
        "transparent":false,
        "blending":1,
        "doubleSided":false,
        "mapDiffuseWrap":["repeat","repeat"],
        "DbgIndex":0,
        "specularCoef":50,
        "wireframe":false,
        "DbgName":"Materiais.007",
        "colorSpecular":[0.5,0.5,0.5],
        "mapDiffuseAnisotropy":1,
        "DbgColor":15658734,
        "vertexColors":false,
        "visible":true,
        "depthWrite":true
    },{
        "colorDiffuse":[0.64,0.64,0.64],
        "mapDiffuseRepeat":[1,1],
        "opacity":1,
        "shading":"phong",
        "depthTest":true,
        "colorEmissive":[0,0,0],
        "mapDiffuse":"textura_madeira.jpg",
        "transparent":false,
        "blending":1,
        "doubleSided":false,
        "mapDiffuseWrap":["repeat","repeat"],
        "DbgIndex":1,
        "specularCoef":50,
        "wireframe":false,
        "DbgName":"Materiais.008",
        "colorSpecular":[0.5,0.5,0.5],
        "mapDiffuseAnisotropy":1,
        "DbgColor":15597568,
        "vertexColors":false,
        "visible":true,
        "depthWrite":true
    },{
        "colorDiffuse":[0.64,0.64,0.64],
        "mapDiffuseRepeat":[1,1],
        "opacity":1,
        "shading":"phong",
        "depthTest":true,
        "colorEmissive":[0,0,0],
        "mapDiffuse":"textura_madeira.jpg",
        "transparent":false,
        "blending":1,
        "doubleSided":false,
        "mapDiffuseWrap":["repeat","repeat"],
        "DbgIndex":2,
        "specularCoef":50,
        "wireframe":false,
        "DbgName":"Materiais.009",
        "colorSpecular":[0.5,0.5,0.5],
        "mapDiffuseAnisotropy":1,
        "DbgColor":60928,
        "vertexColors":false,
        "visible":true,
        "depthWrite":true
    }],
    "colors":[],
    "normals":[0,-1,0,1.62226e-14,1,-2.98023e-08,1,5.96046e-08,1.78814e-07,-1,-1.19209e-07,-1.19209e-07,3.62893e-07,1.78814e-07,-1]
}