{
    "faces":[43,0,1,2,3,0,0,1,2,3,0,0,0,0,43,0,4,5,1,0,0,4,5,1,1,1,1,1,43,1,5,6,2,0,1,5,6,2,2,2,2,2,43,2,6,7,3,0,2,6,7,3,3,3,3,3,43,4,0,3,7,0,4,0,3,7,4,4,4,4],
    "uvs":[[0.465459,0.552642,0.416727,0.505717,0.45267,0.447359,0.501402,0.494283,0.918033,0.999904,9.65497e-05,0.948466,9.57999e-05,9.57999e-05,0.918032,0.0515338]],
    "vertices":[-2.95753,0.258781,-0.966727,-2.95753,0.258781,1,-4.15753,0.258781,1,-4.15753,0.258781,-0.966728,-2.95753,0.858781,-0.966727,-2.95753,0.858781,1,-4.15753,0.858781,1,-4.15753,0.858781,-0.966727],
    "metadata":{
        "vertices":8,
        "generator":"io_three",
        "uvs":1,
        "version":3,
        "normals":5,
        "materials":1,
        "colors":0,
        "type":"Geometry",
        "faces":5
    },
    "materials":[{
        "colorDiffuse":[0.64,0.64,0.64],
        "mapDiffuseRepeat":[1,1],
        "opacity":1,
        "shading":"phong",
        "depthTest":true,
        "colorEmissive":[0,0,0],
        "mapDiffuse":"textura_madeira2.jpg",
        "transparent":false,
        "blending":1,
        "doubleSided":false,
        "mapDiffuseWrap":["repeat","repeat"],
        "DbgIndex":0,
        "specularCoef":50,
        "wireframe":false,
        "DbgName":"Materiais.006",
        "colorSpecular":[0.5,0.5,0.5],
        "mapDiffuseAnisotropy":1,
        "DbgColor":15658734,
        "vertexColors":false,
        "visible":true,
        "depthWrite":true
    }],
    "colors":[],
    "normals":[-6.02136e-15,-1,3.03065e-08,1,-1.98682e-07,1.81839e-07,-4.7187e-07,-3.47694e-07,1,-1,-3.97364e-07,-1.21226e-07,3.97364e-07,6.95387e-07,-1]
}