{
    "faces":[43,0,1,2,3,0,0,1,2,3,0,0,0,0,43,0,4,5,1,0,0,4,5,1,1,1,1,1,43,1,5,6,2,0,1,5,6,2,2,2,2,2,43,2,6,7,3,0,2,6,7,3,3,3,3,3,43,4,0,3,7,0,4,0,3,7,4,4,4,4],
    "uvs":[[0.463936,0.552416,0.415548,0.505718,0.451364,0.447584,0.499751,0.494282,0.915204,0.999904,9.56521e-05,0.948497,9.57677e-05,9.56521e-05,0.915204,0.0515028]],
    "vertices":[-2.95753,-1.06898,-0.956326,-2.95753,-1.06898,1,-4.15753,-1.06898,1,-4.15753,-1.06898,-0.956326,-2.95753,-0.468978,-0.956325,-2.95753,-0.468978,1,-4.15753,-0.468978,1,-4.15753,-0.468978,-0.956326],
    "metadata":{
        "vertices":8,
        "generator":"io_three",
        "uvs":1,
        "version":3,
        "normals":5,
        "materials":1,
        "colors":0,
        "type":"Geometry",
        "faces":5
    },
    "materials":[{
        "colorDiffuse":[0.64,0.64,0.64],
        "mapDiffuseRepeat":[1,1],
        "opacity":1,
        "shading":"phong",
        "depthTest":true,
        "colorEmissive":[0,0,0],
        "mapDiffuse":"textura_madeira2.jpg",
        "transparent":false,
        "blending":1,
        "doubleSided":false,
        "mapDiffuseWrap":["repeat","repeat"],
        "DbgIndex":0,
        "specularCoef":50,
        "wireframe":false,
        "DbgName":"Materiais.004",
        "colorSpecular":[0.5,0.5,0.5],
        "mapDiffuseAnisotropy":1,
        "DbgColor":15658734,
        "vertexColors":false,
        "visible":true,
        "depthWrite":true
    }],
    "colors":[],
    "normals":[0,-1,0,1,-1.98682e-07,1.82806e-07,-4.222e-07,-3.47694e-07,1,-1,-3.97364e-07,-1.21871e-07,3.97364e-07,6.95387e-07,-1]
}