{
    "faces":[43,0,1,2,3,0,0,1,2,3,0,0,0,0,43,0,4,5,1,0,0,4,5,1,1,1,1,1,43,1,5,6,2,0,1,5,6,2,2,2,2,2,43,2,6,7,3,0,2,6,7,3,3,3,3,3,43,4,0,3,7,0,4,0,3,7,4,4,4,4],
    "uvs":[[0.462825,0.552241,0.414698,0.505718,0.450414,0.44776,0.498541,0.494282,0.913142,0.999904,9.55444e-05,0.948528,9.70472e-05,9.55444e-05,0.913143,0.0514716]],
    "vertices":[-2.95753,-0.410104,-0.948749,-2.95753,-0.410104,1,-4.15753,-0.410104,1,-4.15753,-0.410104,-0.948749,-2.95753,0.189896,-0.948748,-2.95753,0.189896,1,-4.15753,0.189896,1,-4.15753,0.189896,-0.948749],
    "metadata":{
        "vertices":8,
        "generator":"io_three",
        "uvs":1,
        "version":3,
        "normals":5,
        "materials":1,
        "colors":0,
        "type":"Geometry",
        "faces":5
    },
    "materials":[{
        "colorDiffuse":[0.64,0.64,0.64],
        "mapDiffuseRepeat":[1,1],
        "opacity":1,
        "shading":"phong",
        "depthTest":true,
        "colorEmissive":[0,0,0],
        "mapDiffuse":"textura_madeira2.jpg",
        "transparent":false,
        "blending":1,
        "doubleSided":false,
        "mapDiffuseWrap":["repeat","repeat"],
        "DbgIndex":0,
        "specularCoef":50,
        "wireframe":false,
        "DbgName":"Materiais.005",
        "colorSpecular":[0.5,0.5,0.5],
        "mapDiffuseAnisotropy":1,
        "DbgColor":15658734,
        "vertexColors":false,
        "visible":true,
        "depthWrite":true
    }],
    "colors":[],
    "normals":[-7.59614e-15,-1,3.05861e-08,1,-1.98682e-07,1.83517e-07,-4.7187e-07,-3.47694e-07,1,-1,-3.97364e-07,-1.22344e-07,3.97364e-07,6.95387e-07,-1]
}