{
    "faces":[43,0,1,2,3,0,0,1,2,3,0,0,0,0,43,4,7,6,5,0,0,1,2,3,1,1,1,1,43,0,4,5,1,0,0,1,2,3,2,2,2,2,43,1,5,6,2,0,0,1,2,3,3,3,3,3,43,2,6,7,3,0,0,1,2,3,4,4,4,4,43,4,0,3,7,0,0,1,2,3,5,5,5,5],
    "uvs":[[0,0,1,0,1,1,0,1]],
    "vertices":[3.63939,-1.1063,0.684292,3.63939,-1.1063,0.995552,3.32839,-1.1063,0.995552,3.32839,-1.1063,0.684292,3.63939,0.893698,0.684292,3.63939,0.893698,0.995552,3.32839,0.893698,0.995552,3.32839,0.893698,0.684292],
    "metadata":{
        "vertices":8,
        "generator":"io_three",
        "uvs":1,
        "version":3,
        "normals":6,
        "materials":1,
        "colors":0,
        "type":"Geometry",
        "faces":6
    },
    "materials":[{
        "colorDiffuse":[0.64,0.64,0.64],
        "mapDiffuseRepeat":[1,1],
        "opacity":1,
        "shading":"phong",
        "depthTest":true,
        "colorEmissive":[0,0,0],
        "mapDiffuse":"textura_madeira.jpg",
        "transparent":false,
        "blending":1,
        "doubleSided":false,
        "mapDiffuseWrap":["repeat","repeat"],
        "DbgIndex":0,
        "specularCoef":50,
        "wireframe":false,
        "DbgName":"Materiais.001",
        "colorSpecular":[0.5,0.5,0.5],
        "mapDiffuseAnisotropy":1,
        "DbgColor":15658734,
        "vertexColors":false,
        "visible":true,
        "depthWrite":true
    }],
    "colors":[],
    "normals":[0,-1,0,0,1,0,1,5.96046e-08,3.8299e-07,-3.8331e-07,2.98023e-08,1,-1,0,0,2.87482e-07,-1.49012e-08,-1]
}