{
    "faces":[43,0,1,3,2,0,0,1,2,3,0,0,0,0,43,2,3,7,6,0,0,1,2,3,1,1,1,1,43,6,7,5,4,0,0,1,2,3,2,2,2,2,43,1,0,4,5,0,2,3,0,1,3,3,3,3,43,4,0,2,6,0,2,3,0,1,4,4,4,4,43,7,3,1,5,0,0,1,2,3,5,5,5,5],
    "uvs":[[0,0,1,0,1,1,0,1]],
    "vertices":[-4.21453,0.893699,1,-4.21453,1.21912,1,-4.21453,0.893698,-1,-4.21453,1.21912,-1,3.6478,0.893699,1,3.6478,1.21912,1,3.6478,0.893698,-1,3.6478,1.21912,-1],
    "metadata":{
        "vertices":8,
        "generator":"io_three",
        "uvs":1,
        "version":3,
        "normals":6,
        "materials":1,
        "colors":0,
        "type":"Geometry",
        "faces":6
    },
    "materials":[{
        "colorDiffuse":[0.64,0.64,0.64],
        "mapDiffuseRepeat":[1,1],
        "opacity":1,
        "shading":"phong",
        "depthTest":true,
        "colorEmissive":[0,0,0],
        "mapDiffuse":"textura_madeira.jpg",
        "transparent":false,
        "blending":1,
        "doubleSided":false,
        "mapDiffuseWrap":["repeat","repeat"],
        "DbgIndex":0,
        "specularCoef":50,
        "wireframe":false,
        "DbgName":"Materiais",
        "colorSpecular":[0.5,0.5,0.5],
        "mapDiffuseAnisotropy":1,
        "DbgColor":15658734,
        "vertexColors":false,
        "visible":true,
        "depthWrite":true
    }],
    "colors":[],
    "normals":[-1,0,0,0,-3.66319e-07,-1,1,0,0,0,0,1,0,-1,2.98023e-08,0,1,-1.19209e-07]
}